Codigo,Descripcion,Precio Costo,Precio Venta,Precio Mayoreo,Inventario,Inv. Minimo,Departamento,keyword
7501013122190,Jumex 1l Tetra Manza,$0.00,$21.00,$0.00,2,0,Tienda,Jumex 1l Tetra Manza
7501013122145,Jumex 1l Tetra Uva,$16.50,$19.00,$0.00,0,0,Tienda,Jumex 1l Tetra Uva
7501013109559,Jumex Sport 600ml,$0.00,$14.00,$0.00,0,0,Tienda,Jumex Sport 600ml
7501013109641,Jumex Sport 600ml,$0.00,$14.00,$0.00,1,0,- Sin Departamento -,Jumex Sport 600ml
7501013109542,Jumex Sport 600ml,$0.00,$14.00,$0.00,1,0,Tienda,Jumex Sport 600ml
7501013109528,Jumex Sport 600ml,$0.00,$14.00,$0.00,1,0,Tienda,Jumex Sport 600ml
7501013109979,Jumex Sport 600ml,$0.00,$14.00,$0.00,1,0,Tienda,Jumex Sport 600ml
7501013109535,Jumex Sport 600ml,$0.00,$14.00,$0.00,2,0,Tienda,Jumex Sport 600ml
7501013174052,Jumex Vidrio Durazno,$0.00,$11.00,$0.00,4,0,Tienda,Jumex Vidrio Durazno
7501013174038,Jumex Vidrio Mango,$0.00,$11.00,$0.00,12,0,Tienda,Jumex Vidrio Mango
7501013174199,Jumex Vidrio Manzana,$9.00,$11.00,$0.00,12,0,Tienda,Jumex Vidrio Manzana
756774061647,Kahlua,$0.00,$55.00,$0.00,0,0,Tienda,Kahlua
756774022877,Kahlua,$0.00,$70.00,$0.00,0,0,Tienda,Kahlua
7501000140473,Karameladas Pop 50gms,$4.00,$5.00,$0.00,6,0,Barcel,Karameladas Pop 50gms
7501011177284,Karate,$0.00,$13.00,$0.00,0,0,Sabritas,Karate
7501011141605,Karate Japones 135g,$9.00,$11.00,$0.00,9,0,Sabritas,Karate Japones 135g
7502246442000,Karla,$0.00,$7.00,$0.00,0,0,Dulces,Karla
7502246442383,Karla,$0.00,$7.00,$0.00,0,0,Dulces,Karla
80051831,Kinder,$0.00,$16.00,$0.00,0,0,Tienda,Kinder
80741251,Kinder,$14.00,$16.00,$0.00,0,0,Tienda,Kinder
80050315,Kinder 12.5g,$0.00,$3.00,$0.00,0,0,Dulces,Kinder 12.5g
80052760,Kinder Bueno 43g,$13.00,$17.00,$0.00,0,0,Dulces,Kinder Bueno 43g
80052463,Kinder Delice 42g,$7.00,$8.50,$0.00,0,0,Dulces,Kinder Delice 42g
75020149,Kiss,$15.00,$19.50,$0.00,0,0,- Sin Departamento -,Kiss
7501024527816,Kiss,$56.00,$73.00,$0.00,0,0,Tienda,Kiss
7501024522927,Kisses,$62.50,$95.00,$0.00,1,0,Tienda,Kisses
7501024527823,Kisses,$0.00,$75.00,$0.00,0,0,Danone,Kisses
7501024527731,Kisses,$0.00,$45.00,$0.00,0,0,Tienda,Kisses
75012076,Kisses Almendras,$69.00,$100.00,$0.00,1,0,Tienda,Kisses Almendras
7501024546213,Kisses Cafe Moka,$44.50,$58.00,$0.00,1,0,- Sin Departamento -,Kisses Cafe Moka
7501024546138,Kisses Cereza,$0.00,$55.00,$0.00,0,0,Dulces,Kisses Cereza
75012045,Kisses Fco,$78.50,$102.00,$0.00,1,0,- Sin Departamento -,Kisses Fco
7501024583003,Kisses Holandes,$44.50,$58.00,$0.00,1,0,- Sin Departamento -,Kisses Holandes
750107,Kiyakis,$4.00,$5.00,$0.00,10,0,Barcel,Kiyakis
7501000207305,Kiyakis Barcel 50gms,$4.00,$6.00,$0.00,8,0,Barcel,Kiyakis Barcel 50gms
757528017262,Kiyakis Grande,$0.00,$10.00,$0.00,1,0,Barcel,Kiyakis Grande
757528022242,Kiyakis Limon,$0.00,$5.00,$0.00,0,0,Barcel,Kiyakis Limon
7501017362950,Kleenex Pauelos,$0.00,$5.00,$0.00,N/A,0,Tienda,Kleenex Pauelos
7501943476431,Klenex,$0.00,$7.00,$7.00,0,0,Tienda,Klenex
7506306306141,Knor En Polvo,$0.00,$3.00,$0.00,0,0,Tienda,Knor En Polvo
7501005117715,Knorr Sopa De Fideo Camaron Con Chile 95g,$8.50,$11.00,$0.00,0,0,- Sin Departamento -,Knorr Sopa De Fideo Camaron Con Chile 95g
7501005116985,Knorr Sopa De Fideos 115g,$8.50,$11.00,$0.00,1,0,- Sin Departamento -,Knorr Sopa De Fideos 115g
7501005180306,Knorr Suiza Caja,$0.00,$3.00,$0.00,458,0,Tienda,Knorr Suiza Caja
7501130934058,Kolorix Paleta,$0.00,$4.00,$0.00,0,0,Tienda,Kolorix Paleta
7501008101049,Korn Flakes 150g,$11.00,$14.50,$14.50,0,0,Tienda,Korn Flakes 150g
7501943421141,Kotex Control Noctur,$15.00,$19.50,$0.00,4,0,Tienda,Kotex Control Noctur
7501943424586,Kotex Noct Con Alas,$0.00,$17.00,$0.00,0,0,Tienda,Kotex Noct Con Alas
7501943424623,Kotex Normal,$11.50,$15.00,$0.00,0,0,Tienda,Kotex Normal
7501943424562,Kotex Normal,$11.00,$14.00,$0.00,20,0,Tienda,Kotex Normal
7501020548198,LALA SEMILLAS,$0.00,$10.00,$0.00,0,0,- Sin Departamento -,LALA SEMILLAS
7501055351213,LIMONADA,$0.00,$9.00,$0.00,0,0,Refresco,LIMONADA
7501088371400,La Corona,$19.00,$25.00,$0.00,0,0,- Sin Departamento -,La Corona
745404115836,La Corona Chocolates,$54.00,$70.00,$0.00,1,0,- Sin Departamento -,La Corona Chocolates
7501058617873,La Lechera 387,$14.00,$18.00,$0.00,55,0,Nestle,La Lechera 387
7501020512823,Lala Bio4 Clactoba,$3.50,$5.50,$0.00,3,0,lacteos y embutidos,Lala Bio4 Clactoba
7501020538304,Lala Cereal,$0.00,$5.00,$0.00,0,0,lacteos y embutidos,Lala Cereal
7501026902383,Lamp Neolux 13w,$26.00,$34.00,$34.00,6,0,Tienda,Lamp Neolux 13w
7501026902123,Lampara Dulux 30w,$50.00,$65.00,$0.00,3,0,Tienda,Lampara Dulux 30w
7501026902055,Lampara Dulux De 20w,$33.00,$40.00,$0.00,7,0,Tienda,Lampara Dulux De 20w
7501059299436,Larin Almendra,$6.00,$7.00,$7.00,0,0,Dulces,Larin Almendra
7501059299429,Larin Avellana,$6.00,$7.00,$0.00,0,0,Dulces,Larin Avellana
7501059209374,Larin Avellanas 26g,$6.00,$7.50,$7.50,0,0,Dulces,Larin Avellanas 26g
7501059209381,Larin De Almendras,$6.00,$7.00,$7.00,8,0,Dulces,Larin De Almendras
7501059299443,Larin Nuez,$6.00,$7.00,$0.00,0,0,Dulces,Larin Nuez
7501030461340,Latte Creme 40g,$0.00,$9.00,$0.00,0,0,Marinela,Latte Creme 40g
7501055900060,Leche Alpura  Choco 1L,$18.00,$22.00,$21.00,1,0,Alpura,Leche Alpura  Choco 1L
7501055900077,Leche Alpura Fresa 1L,$18.00,$22.00,$21.00,2,0,Alpura,Leche Alpura Fresa 1L
7501055900084,Leche Alpura Vainilla !L,$18.00,$22.00,$21.00,1,0,Alpura,Leche Alpura Vainilla !L
7501059284555,Leche Clavel 340ml,$10.00,$14.00,$13.00,43,0,Nestle,Leche Clavel 340ml
758104004874,Leche Danone,$0.00,$15.00,$0.00,4,0,Tienda,Leche Danone
7501055909582,Leche Fresa,$0.00,$8.00,$0.00,0,0,Alpura,Leche Fresa
7501030475132,Leche Gansito,$0.00,$9.00,$0.00,0,0,Tienda,Leche Gansito
7501020515343,Leche Lala Premium 1 Lt,$14.00,$15.50,$0.00,7,0,Leche,Leche Lala Premium 1 Lt
7501295600126,Leche Santa Clara,$0.00,$19.00,$0.00,0,0,- Sin Departamento -,Leche Santa Clara
7501055909599,Leche Vainilla,$0.00,$8.00,$0.00,0,0,Alpura,Leche Vainilla
7501001600105,Lechera Nestle 397g,$14.50,$17.00,$17.00,14,0,Nestle,Lechera Nestle 397g
7501059278868,Lechera Sirve Facil,$0.00,$29.00,$0.00,5,0,- Sin Departamento -,Lechera Sirve Facil
7501059211209,Lecherita Nestle 100g,$6.00,$7.00,$7.00,41,0,Tienda,Lecherita Nestle 100g
75002084,Lechita Alpura  Fresa 250ml,$6.00,$8.50,$8.50,4,0,Alpura,Lechita Alpura  Fresa 250ml
7501295600638,Lechita Capuccino,$0.00,$7.50,$0.00,0,0,- Sin Departamento -,Lechita Capuccino
7501295600614,Lechita Chocolate,$0.00,$7.50,$0.00,0,0,- Sin Departamento -,Lechita Chocolate
LENTEJA,Lenteja,$16.00,$20.50,$0.00,N/A,0,Tienda,Lenteja
543,Lenteja 1k,$0.00,$20.00,$0.00,N/A,0,Tienda,Lenteja 1k
567,Lenteja 250g,$0.00,$5.00,$0.00,N/A,0,Tienda,Lenteja 250g
550,Lenteja 500g,$0.00,$10.00,$0.00,N/A,0,Tienda,Lenteja 500g
7501064173202,Leon Cerveza,$0.00,$33.00,$0.00,3,0,Corona,Leon Cerveza
758104001354,Levite Bonafont Limon 500ml,$5.50,$7.00,$0.00,4,0,Agua,Levite Bonafont Limon 500ml
758104003907,Levite Fresa,$0.00,$10.00,$0.00,0,0,Tienda,Levite Fresa
758104002245,Levite Fresa 1.5 L,$12.50,$15.00,$0.00,3,0,Agua,Levite Fresa 1.5 L
758104002238,Levite Fresa 500ml,$6.00,$7.50,$0.00,7,0,Agua,Levite Fresa 500ml
758104001477,Levite Jamaica 1.5 L,$12.50,$15.00,$0.00,7,0,Tienda,Levite Jamaica 1.5 L
758104003914,Levite Limon,$0.00,$10.00,$0.00,0,0,Tienda,Levite Limon
758104001460,Levite Limon 1.5l,$12.50,$15.00,$0.00,1,0,Agua,Levite Limon 1.5l
758104005642,Levite Limon/Menta 1.5l,$0.00,$15.00,$0.00,1,0,Agua,Levite Limon/Menta 1.5l
758104005154,Levite Mandarina,$0.00,$10.00,$0.00,0,0,Tienda,Levite Mandarina
758104005260,Levite Mango,$0.00,$10.00,$0.00,0,0,Tienda,Levite Mango
758104003556,Levite Piña/Coco 1.5L,$0.00,$15.00,$0.00,3,0,Refresco,Levite Piña/Coco 1.5L
7501032396466,Licuado,$0.00,$7.50,$0.00,2,0,Danone,Licuado
7501032396473,Licuado Fresa-Platano,$0.00,$7.50,$0.00,1,0,Danone,Licuado Fresa-Platano
735257001509,Lima,$0.00,$9.50,$0.00,0,0,Tienda,Lima
7501064194344,Lime A Rita,$0.00,$12.00,$0.00,0,0,vino,Lime A Rita
LIMON,Limon,$32.00,$35.00,$0.00,N/A,0,Tienda,Limon
574,Limon 1k,$8.00,$10.50,$0.00,N/A,0,Verdura,Limon 1k
598,Limon 250g,$2.00,$3.00,$0.00,N/A,0,Verdura,Limon 250g
581,Limon 500g,$4.00,$5.00,$0.00,N/A,0,Verdura,Limon 500g
7501102280985,Limonero,$13.00,$16.00,$0.00,0,0,Tienda,Limonero
7501841000455,Limpiahornos Mony 470g,$0.00,$8.00,$0.00,28,0,Tienda,Limpiahornos Mony 470g
7501030465874,Little Bite,$0.00,$10.00,$0.00,2,0,Bimbo,Little Bite
7501030469827,Little Bites 69g,$0.00,$10.00,$0.00,0,0,Bimbo,Little Bites 69g
7501030496335,Lonchibon  Cuerno,$0.00,$12.00,$0.00,0,0,Bimbo,Lonchibon  Cuerno
7501000127344,Lords C/8,$8.50,$10.00,$0.00,0,0,Marinela,Lords C/8
7421001410064,Love Love Crema,$26.00,$31.00,$31.00,0,0,Tienda,Love Love Crema
7502226813622,Lucas Chamoy,$4.00,$5.00,$0.00,10,0,Dulces,Lucas Chamoy
7502226815022,Lucas Mucas 24g,$0.00,$5.00,$0.00,0,0,Tienda,Lucas Mucas 24g
7502226812335,Lucas Sandia,$4.00,$5.00,$0.00,13,0,Dulces,Lucas Sandia
7502226812991,Lucas Tamarindo,$4.00,$5.00,$0.00,10,0,Dulces,Lucas Tamarindo
4056704,M&m Minis Tubo,$0.00,$9.50,$0.00,0,0,Dulces,M&m Minis Tubo
7506174500450,M-M,$7.50,$10.00,$10.00,4,0,Dulces,M-M
7506174500467,M-M Choco,$7.50,$10.00,$10.00,0,0,Dulces,M-M Choco
MANDARINAS,MANDARINAS,$10.00,$12.00,$0.00,0,0,Verdura,MANDARINAS
MAZ,MAZAPANCITO,$1.00,$1.00,$1.00,0,0,Dulces,MAZAPANCITO
7501030477488,Madalenas,$0.00,$10.00,$0.00,2,0,Tienda,Madalenas
7506195175972,Maestro Limpio 500g,$11.00,$14.00,$0.00,15,0,Detergentes,Maestro Limpio 500g
7501000134465,Magnas Lara 200g,$10.00,$14.00,$0.00,0,0,Marinela,Magnas Lara 200g
7501130921522,Magnum Almendras,$0.00,$23.00,$0.00,0,0,Tienda,Magnum Almendras
7506306413368,Magnum Almendras,$0.00,$25.00,$0.00,3,0,Holanda,Magnum Almendras
7506306413375,Magnum Clasica,$0.00,$24.00,$0.00,1,0,Holanda,Magnum Clasica
7506306413405,Magnum Frambuesa,$0.00,$25.00,$0.00,0,0,Holanda,Magnum Frambuesa
604,Maiz Palomero,$0.00,$24.00,$0.00,N/A,0,Verdura,Maiz Palomero
MAIZ PALOMERO,Maiz Palomero,$16.00,$24.00,$0.00,N/A,0,Tienda,Maiz Palomero
628,Maiz Palomero 260g,$0.00,$6.00,$0.00,N/A,0,Verdura,Maiz Palomero 260g
611,Maiz Palomero 500g,$0.00,$12.00,$0.00,N/A,0,Verdura,Maiz Palomero 500g
7501005110389,Maizena 160g,$8.00,$10.00,$10.00,4,0,Tienda,Maizena 160g
7501005110426,Maizena 425 Gms,$18.00,$23.50,$23.50,0,0,Tienda,Maizena 425 Gms
7506306307001,Maizena Chocolate,$5.00,$6.00,$0.00,0,0,Tienda,Maizena Chocolate
7506306306998,Maizena Fresa,$5.00,$6.00,$6.00,0,0,Tienda,Maizena Fresa
7501005110242,Maizena Natural 95g,$6.00,$7.50,$7.50,3,0,Tienda,Maizena Natural 95g
7501005107297,Maizena Sobre Cajeta,$4.00,$5.00,$5.00,1,0,Tienda,Maizena Sobre Cajeta
7501005107013,Maizena Sobre Chocolate,$4.50,$5.00,$5.00,22,0,Tienda,Maizena Sobre Chocolate
7501005106801,Maizena Sobre Fresa,$0.00,$6.00,$0.00,4,0,Tienda,Maizena Sobre Fresa
7501005107150,Maizena Sobre Nuez,$4.00,$5.00,$5.00,16,0,Tienda,Maizena Sobre Nuez
7501005106979,Maizena Sobre Vainilla,$0.00,$6.00,$0.00,18,0,Tienda,Maizena Sobre Vainilla
75029388,Malboro Fresh,$42.00,$48.00,$0.00,3,0,Tienda,Malboro Fresh
75046798,Malboro Gold,$0.00,$45.00,$0.00,3,0,Tienda,Malboro Gold
75044916,Malboro Kreten Mint,$42.00,$46.00,$0.00,0,0,Tienda,Malboro Kreten Mint
75001339,Malboro Rojo 114,$0.00,$35.00,$0.00,0,0,Tienda,Malboro Rojo 114
75002107,Malteada Alpura Choco125,$6.00,$7.50,$7.50,2,0,Alpura,Malteada Alpura Choco125
7501030418412,Malteada Negrito De,$7.00,$9.00,$0.00,6,0,Bimbo,Malteada Negrito De
7501000651375,Mamut 48g,$4.00,$5.00,$0.00,0,0,Gamesa,Mamut 48g
7501000666720,Mamutm Flipy,$0.00,$6.00,$0.00,0,0,Gamesa,Mamutm Flipy
7503000987287,Mango,$0.50,$1.00,$1.00,0,0,Tienda,Mango
MANGO,Mango,$25.00,$25.00,$0.00,N/A,0,Verdura,Mango
7502223774025,Manteca Inca 1 Kg,$0.00,$39.00,$0.00,1,0,Tienda,Manteca Inca 1 Kg
7501030469551,Mantecadas,$0.00,$10.00,$0.00,0,0,Bimbo,Mantecadas
7501000112401,Mantecadas Bimbo Vainilla,$10.00,$12.00,$0.00,3,0,Bimbo,Mantecadas Bimbo Vainilla
7501030419389,Mantecadas CNuez 123 G,$11.50,$14.00,$0.00,1,0,Tienda,Mantecadas CNuez 123 G
7501030475514,Mantecadas Nuez,$0.00,$16.00,$0.00,0,0,Bimbo,Mantecadas Nuez
7501030475521,Mantecadas Sabor Vainilla 1875g,$0.00,$16.00,$0.00,0,0,Bimbo,Mantecadas Sabor Vainilla 1875g
7501032600839,Mantequilla,$0.00,$13.00,$0.00,0,0,- Sin Departamento -,Mantequilla
7501032600686,Mantequilla Iberia 9,$0.00,$8.00,$0.00,10,0,Tienda,Mantequilla Iberia 9
MANZANA,Manzana,$30.00,$32.00,$0.00,N/A,0,Verdura,Manzana
1274,Manzana 1k,$0.00,$26.00,$0.00,N/A,0,Verdura,Manzana 1k
1298,Manzana 250g,$0.00,$6.50,$0.00,N/A,0,Verdura,Manzana 250g
1281,Manzana 500g,$0.00,$13.00,$0.00,N/A,0,Verdura,Manzana 500g
7501055304820,Manzanita 3L,$19.00,$23.00,$0.00,1,0,Refresco,Manzanita 3L
7501479300033,Manzanita Deliciosa,$0.00,$17.00,$0.00,0,0,Refresco,Manzanita Deliciosa
7501479300057,Manzanita Deliciosa,$0.00,$9.00,$0.00,0,0,Refresco,Manzanita Deliciosa
7501479300088,Manzanita Deliciosa 3L,$19.00,$23.00,$0.00,1,0,Refresco,Manzanita Deliciosa 3L
7501055312603,Manzanitas Deliciosa 600ml,$0.00,$9.00,$0.00,4,0,Tienda,Manzanitas Deliciosa 600ml
7501000641482,Maravillas Gamesa 100g,$0.00,$10.00,$0.00,1,0,Tienda,Maravillas Gamesa 100g
75030728,Marboro Velvet Fusion,$0.00,$48.00,$0.00,5,0,Tienda,Marboro Velvet Fusion
7501393200518,Mariachisimo Cacahuate Español,$8.00,$10.00,$0.00,7,0,Tienda,Mariachisimo Cacahuate Español
7501393200792,Mariachisimo Rikirueda,$6.50,$8.00,$0.00,0,0,Cariocas,Mariachisimo Rikirueda
7501000658329,Marias Azucar150,$7.00,$10.00,$0.00,3,0,Gamesa,Marias Azucar150
7501000664382,Marias Doradas 290g,$13.00,$19.00,$0.00,2,0,Gamesa,Marias Doradas 290g
7501000628384,Marias Doradas 85g,$0.00,$8.00,$0.00,1,0,Tienda,Marias Doradas 85g
7501000658923,Marias Gamesa 170g,$7.00,$10.00,$0.00,6,0,Gamesa,Marias Gamesa 170g
7501000135301,Marias Lara 170g,$7.00,$9.00,$0.00,0,0,Marinela,Marias Lara 170g
75014551,Marlboro Lights Blanco,$42.00,$48.00,$0.00,7,0,Tienda,Marlboro Lights Blanco
75050450,Marlboro Ruby,$0.00,$48.00,$0.00,5,0,Tienda,Marlboro Ruby
7501199412931,Mas Color,$0.00,$17.00,$0.00,0,0,- Sin Departamento -,Mas Color
7501199413006,Mas Color,$13.00,$17.00,$0.00,0,0,- Sin Departamento -,Mas Color
7501077400050,Maseca,$8.50,$12.00,$12.00,10,0,Tienda,Maseca
7501003305831,Mayonesa McCormick 1.4Kg,$69.50,$83.50,$83.50,0,0,Tienda,Mayonesa McCormick 1.4Kg
7501003340115,Mayonesa Mccormick 1,$8.00,$9.50,$9.50,13,0,Tienda,Mayonesa Mccormick 1
7501003340122,Mayonesa Mccormick 1,$12.00,$15.00,$15.00,13,0,Tienda,Mayonesa Mccormick 1
7501003340139,Mayonesa Mccormick 390g,$21.50,$26.00,$26.00,10,0,Tienda,Mayonesa Mccormick 390g
MAZAPAN,Mazapan,$1.00,$2.00,$2.00,8,0,Tienda,Mazapan
717557060103,Mazapan Almendra,$2.00,$3.00,$3.00,29,0,Dulces,Mazapan Almendra
724869011006,Mazapan Chocolate,$0.00,$5.00,$0.00,4,0,Dulces,Mazapan Chocolate
724869001380,Mazapan Gigante,$3.00,$4.00,$0.00,15,0,Dulces,Mazapan Gigante
724869100106,Mazapan Grande,$0.00,$2.00,$0.00,15,0,Tienda,Mazapan Grande
717557060202,Mazapan Nuez,$2.00,$3.00,$3.00,27,0,Dulces,Mazapan Nuez
7501001600426,Media Crema Nestle 225g,$0.00,$12.00,$0.00,5,0,Tienda,Media Crema Nestle 225g
7501000111503,Medias Noches Bimbo,$17.00,$21.00,$0.00,1,0,Bimbo,Medias Noches Bimbo
7501003336422,Mermelada De Piña270g,$0.00,$18.50,$0.00,19,0,Tienda,Mermelada De Piña270g
7501003336125,Mermelada Fresa Mc270 Gm,$12.50,$15.00,$15.00,16,0,Tienda,Mermelada Fresa Mc270 Gm
7501005110679,Mi Arroz Blanco,$0.00,$3.50,$0.00,13,0,Tienda,Mi Arroz Blanco
7501005110617,Mi Arroz Rojo,$0.00,$3.50,$0.00,5,0,Tienda,Mi Arroz Rojo
7501005110655,Miarroz Sobre Blanco,$0.00,$16.00,$0.00,0,0,Tienda,Miarroz Sobre Blanco
7501119500366,Microdin Gotero,$0.00,$17.00,$0.00,14,0,Tienda,Microdin Gotero
MIEL,Miel,$0.00,$24.00,$0.00,1,0,Tienda,Miel
7506174500214,Miky Way,$8.00,$11.00,$11.00,7,0,Dulces,Miky Way
7501030468103,Mini Barritas,$0.00,$20.00,$0.00,0,0,Marinela,Mini Barritas
7501130934669,Mini Choco,$0.00,$7.00,$0.00,17,0,Tienda,Mini Choco
724869044714,Mini Drums 18g,$1.00,$1.50,$0.00,0,0,- Sin Departamento -,Mini Drums 18g
7501000630363,Mini Mamut,$1.00,$1.00,$0.00,1,0,Gamesa,Mini Mamut
7501000674541,Mini Marias 70g,$0.00,$10.00,$0.00,1,0,Gamesa,Mini Marias 70g
7501000364039,Mini Runers,$0.00,$4.00,$0.00,0,0,Barcel,Mini Runers
7501030448242,Mini Takis,$0.00,$4.00,$0.00,0,0,Barcel,Mini Takis
7501030473879,Minibarritaz,$0.00,$17.00,$0.00,0,0,Marinela,Minibarritaz
724869001861,Minimalvabon,$0.00,$2.00,$0.00,4,0,- Sin Departamento -,Minimalvabon
75027278,Modelo Especial,$0.00,$12.00,$0.00,4,0,Tienda,Modelo Especial
7501064191886,Modelo Especial G,$0.00,$15.00,$0.00,0,0,Refresco,Modelo Especial G
7501064196935,Modelo Negra Lata,$0.00,$16.00,$0.00,0,0,vino,Modelo Negra Lata
7503011960026,Moka,$5.00,$7.00,$6.50,5,0,Tienda,Moka
70847003656,Monster 473 Ml,$21.00,$27.00,$27.00,18,0,vino,Monster 473 Ml
7501130901050,Mordisko,$0.00,$13.00,$0.00,5,0,Holanda,Mordisko
7501003335012,Mostaza,$7.00,$9.00,$0.00,0,0,- Sin Departamento -,Mostaza
7501003335104,Mostaza McCormick,$17.00,$22.00,$22.00,0,0,Tienda,Mostaza McCormick
7501032908188,Mr Musculo,$29.00,$37.50,$37.50,0,0,Detergentes,Mr Musculo
7501032908348,Mr Musculo Crema,$0.00,$35.00,$0.00,1,0,- Sin Departamento -,Mr Musculo Crema
7501032908164,Mr Musculo Vidrios,$38.00,$49.50,$49.50,0,0,Detergentes,Mr Musculo Vidrios
7501032908157,Mr Musculo Vidrios 750ml,$0.00,$40.00,$0.00,7,0,Tienda,Mr Musculo Vidrios 750ml
7501032908478,Mr Musculo Windex,$29.00,$38.00,$38.00,0,0,Tienda,Mr Musculo Windex
7502226814995,Muecas,$0.00,$5.00,$0.00,0,0,Tienda,Muecas
7502226815084,Muecas,$0.00,$5.00,$0.00,0,0,Tienda,Muecas
725181363019,Muecas Cereza 25g,$4.00,$5.00,$0.00,9,0,Dulces,Muecas Cereza 25g
725181068013,Muecas Chamoy 25g,$4.00,$5.00,$0.00,7,0,Dulces,Muecas Chamoy 25g
725181203018,Muecas Mango 25g,$4.00,$5.00,$0.00,10,0,Dulces,Muecas Mango 25g
706460750973,Muecas Pepino 25g,$4.00,$5.00,$0.00,10,0,Dulces,Muecas Pepino 25g
75054014,Mui-Bon Mini,$0.00,$2.00,$0.00,3,0,Dulces,Mui-Bon Mini
75053260,Mui-bon,$0.00,$3.00,$0.00,5,0,Dulces,Mui-bon
75048846,MuiBon Chocolate,$2.00,$3.00,$3.00,0,0,Tienda,MuiBon Chocolate
7501000300730,Multigrano Linaza,$24.00,$29.00,$0.00,0,0,Bimbo,Multigrano Linaza
7501030424345,Multigrano Nuez,$5.00,$8.00,$0.00,5,0,Bimbo,Multigrano Nuez
7501055339976,Mundet Lata 355ml,$0.00,$7.00,$0.00,1,0,- Sin Departamento -,Mundet Lata 355ml
7501055340002,Mundet Sidral 2L,$16.00,$18.00,$0.00,0,0,Refresco,Mundet Sidral 2L
7501055340422,Mundet Sidral 3L,$0.00,$22.00,$0.00,0,0,Refresco,Mundet Sidral 3L
7501030469667,Nacimiento,$0.00,$38.00,$0.00,0,0,Bimbo,Nacimiento
75002244,Napolitano 60g,$6.00,$10.00,$0.00,1,0,Marinela,Napolitano 60g
7501055351237,Naranjada,$0.00,$9.00,$0.00,0,0,Refresco,Naranjada
75034009,Natilla Vainilla,$3.00,$4.00,$0.00,3,0,Danone,Natilla Vainilla
7500435000123,Naturella Con Manzanilla,$0.00,$17.00,$0.00,0,0,Tienda,Naturella Con Manzanilla
7501001157296,Naturella Moderado C10,$0.00,$17.00,$16.00,8,0,Tienda,Naturella Moderado C10
7506339394719,Naturella Nocturna,$0.00,$19.00,$0.00,29,0,Tienda,Naturella Nocturna
7501000112784,Negrito Bimbo,$6.00,$8.00,$0.00,7,0,Bimbo,Negrito Bimbo
7501000312771,Negrito CFigura Star War,$7.50,$10.00,$0.00,1,0,Bimbo,Negrito CFigura Star War
7501026902376,Neolux 15w,$23.00,$30.00,$28.00,1,0,Tienda,Neolux 15w
7501026902499,Neolux 23 W,$30.50,$40.00,$0.00,1,0,Tienda,Neolux 23 W
7501000912612,Nescafe,$0.00,$17.00,$0.00,10,0,Nestle,Nescafe
7501059237100,Nescafe 12 Tazas,$0.00,$14.00,$0.00,0,0,- Sin Departamento -,Nescafe 12 Tazas
7501058620101,Nescafe 120g,$44.00,$50.00,$0.00,0,0,Nestle,Nescafe 120g
7501058610942,Nescafe 170g,$0.00,$71.00,$0.00,1,0,Nestle,Nescafe 170g
7501000912803,Nescafe 45g,$0.00,$22.00,$0.00,0,0,Nestle,Nescafe 45g
7501000912568,Nescafe 5g,$0.00,$5.00,$0.00,0,0,Nestle,Nescafe 5g
7501059297135,Nescafe Capuccino,$0.00,$7.50,$0.00,0,0,Nestle,Nescafe Capuccino
7501059292390,Nescafe Clsico De 50G,$5.00,$10.00,$8.00,4,0,Nestle,Nescafe Clsico De 50G
7501059224827,Nescafe De 200Gr,$64.00,$83.00,$83.00,1,0,Tienda,Nescafe De 200Gr
7501059274334,Nescafe Decaf 175g,$0.00,$70.00,$0.00,1,0,Tienda,Nescafe Decaf 175g
7501059285415,Nescafe Decaf Fras48g,$24.00,$32.50,$32.00,0,0,Nestle,Nescafe Decaf Fras48g
7501058616647,Nescafe Dulci Crema,$0.00,$4.00,$0.00,0,0,Tienda,Nescafe Dulci Crema
7501059285354,Nescafe Frasco Clas 95g,$37.00,$48.00,$48.00,1,0,Tienda,Nescafe Frasco Clas 95g
7501059285347,Nescafe Frasco Clas48g,$17.50,$23.00,$23.00,3,0,Tienda,Nescafe Frasco Clas48g
7501000911783,Nescafe Median,$0.00,$10.00,$0.00,0,0,Nestle,Nescafe Median
7501059292536,Nescafe Mokaccino,$8.00,$7.00,$0.00,7,0,Nestle,Nescafe Mokaccino
7501059292529,Nescafe S Cappuccin,$5.00,$9.00,$0.00,12,0,Nestle,Nescafe S Cappuccin
7501059294875,Nescafe S Decaf 10g,$7.00,$8.00,$8.00,24,0,Tienda,Nescafe S Decaf 10g
7501000911790,Nescafe Sobre,$0.00,$11.00,$0.00,22,0,Nestle,Nescafe Sobre
7501059292543,Nescafe Vainilla,$0.00,$9.00,$0.00,7,0,Nestle,Nescafe Vainilla
7501059284784,Nesquik,$0.00,$40.00,$0.00,0,0,Tienda,Nesquik
7501059235212,Nesquik Sobresito,$0.00,$3.00,$0.00,9,0,Tienda,Nesquik Sobresito
744607840804,New Mix,$11.00,$14.50,$13.00,25,0,vino,New Mix
744607588805,New Mix Sangrita,$10.00,$14.00,$13.00,20,0,vino,New Mix Sangrita
7501030409854,Nito Duo,$8.00,$10.00,$0.00,3,0,Bimbo,Nito Duo
42187363,Nivea,$0.00,$31.00,$0.00,0,0,Tienda,Nivea
NOPAL,Nopal,$0.00,$2.00,$0.00,N/A,0,Verdura,Nopal
75024673,Nucita,$0.00,$2.00,$0.00,0,0,- Sin Departamento -,Nucita
75049102,Nucita,$1.00,$2.00,$0.00,0,0,- Sin Departamento -,Nucita
75024703,Nucita Trisabor,$0.00,$2.00,$0.00,4,0,Tienda,Nucita Trisabor
789742895050,Nutella,$46.00,$60.00,$0.00,5,0,Tienda,Nutella
7501020544398,Nutri Deslactosada,$13.50,$16.00,$0.00,11,0,Leche,Nutri Deslactosada
7501020540666,Nutri Leche  1L,$12.00,$15.00,$13.50,21,0,Leche,Nutri Leche  1L
7502217040556,Nutri Leche 1l,$12.00,$14.00,$0.00,0,0,Tienda,Nutri Leche 1l
7501032395902,Oikos Coco,$7.00,$9.00,$0.00,5,0,Danone,Oikos Coco
7501032395988,Oikos Frutos Verdes,$0.00,$9.00,$0.00,0,0,Danone,Oikos Frutos Verdes
7501032396824,Oikos Nuez,$0.00,$9.00,$0.00,0,0,Danone,Oikos Nuez
7501000260614,Ondas Picante,$0.00,$8.00,$0.00,0,0,Barcel,Ondas Picante
7501198350456,Orange 600ml,$0.00,$9.00,$0.00,0,0,Refresco,Orange 600ml
7502226813301,Orbit Fresa,$3.50,$6.00,$6.00,0,0,Dulces,Orbit Fresa
2204309,Orbit Fresa,$1.00,$2.00,$2.00,N/A,0,Dulces,Orbit Fresa
7502226814292,Orbit Fresa,$0.00,$6.00,$0.00,0,0,Dulces,Orbit Fresa
75041731,Orbit Menta,$0.00,$2.00,$0.00,0,0,Dulces,Orbit Menta
7502226811567,Orbit Menta,$0.00,$6.00,$0.00,0,0,Dulces,Orbit Menta
7502226811598,Orbit Menta,$0.00,$6.00,$0.00,0,0,Dulces,Orbit Menta
7502226811628,Orbit Rosa,$0.00,$7.00,$0.00,0,0,Danone,Orbit Rosa
7501130903245,Oreo,$0.00,$34.50,$0.00,0,0,Holanda,Oreo
4050300106892,Osram 13w,$0.00,$35.00,$35.00,0,0,Tienda,Osram 13w
PLATO POZOLERO,PLATO POZOLERO,$0.00,$10.00,$0.00,27,0,Tienda,PLATO POZOLERO
7501943434660,Paal Kleenbebe Gran,$0.00,$150.00,$0.00,1,0,Tienda,Paal Kleenbebe Gran
7501943434684,Paal Kleenbebe Jumb,$0.00,$150.00,$0.00,2,0,Tienda,Paal Kleenbebe Jumb
7501011142541,Paketaxo,$7.00,$10.00,$0.00,12,0,Sabritas,Paketaxo
7501011135024,Paketaxo 170g,$16.00,$23.00,$0.00,0,0,Sabritas,Paketaxo 170g
7501011148963,Paketaxo 68g,$7.00,$10.00,$0.00,4,0,Sabritas,Paketaxo 68g
7501011112438,Paketaxo Botanero 65g,$0.00,$10.00,$0.00,0,0,- Sin Departamento -,Paketaxo Botanero 65g
7501011142565,Paketaxo Pasumecha,$0.00,$10.00,$0.00,0,0,Sabritas,Paketaxo Pasumecha
7501011144460,Paketaxo Pasumecha 70g,$7.00,$10.00,$0.00,0,0,Sabritas,Paketaxo Pasumecha 70g
7501011114708,Paketaxo Queso 220g,$0.00,$32.00,$0.00,0,0,Sabritas,Paketaxo Queso 220g
7501011155008,Paketaxo Quexo,$0.00,$35.00,$0.00,0,0,Sabritas,Paketaxo Quexo
7501011114623,Paketaxo Quexo,$0.00,$10.00,$0.00,4,0,Sabritas,Paketaxo Quexo
PAL GATO,Pal Gato,$18.00,$22.00,$0.00,0,0,Tienda,Pal Gato
PAL,Pal Perro,$15.00,$19.50,$18.00,N/A,0,Tienda,Pal Perro
7501130900411,Paleta Chemisse,$0.00,$11.00,$0.00,2,0,Holanda,Paleta Chemisse
7506306412705,Paleta Herseys,$0.00,$9.00,$0.00,0,0,Holanda,Paleta Herseys
7506306231955,Paleta Magnum Manzana Canela,$0.00,$24.00,$24.00,0,0,Holanda,Paleta Magnum Manzana Canela
75038489,Paleta Manita,$0.00,$2.00,$0.00,16,0,Tienda,Paleta Manita
757528015954,Paleta Manita 1,$0.00,$1.00,$0.00,0,0,Dulces,Paleta Manita 1
7506306413016,Paleta Pelon,$0.00,$10.00,$0.00,16,0,Holanda,Paleta Pelon
719886250033,Paleta Pelon Chamoy,$4.00,$5.00,$0.00,24,0,Dulces,Paleta Pelon Chamoy
754279000147,Paleta Pollo,$0.00,$1.50,$0.00,35,0,Tienda,Paleta Pollo
PALETA SANDIA,Paleta Sandia,$0.00,$1.50,$0.00,10,0,Tienda,Paleta Sandia
7501130934065,Paleta Solero Coco,$0.00,$15.00,$0.00,13,0,Holanda,Paleta Solero Coco
7501130934072,Paleta Solero Fresa,$0.00,$14.00,$0.00,0,0,Holanda,Paleta Solero Fresa
7506306400122,Paleta Solero Frutas Rojas,$0.00,$13.00,$0.00,0,0,- Sin Departamento -,Paleta Solero Frutas Rojas
7506306413054,Paleta Solero Frutos Rojos,$0.00,$17.00,$0.00,0,0,Holanda,Paleta Solero Frutos Rojos
7501130935512,Paleta Solero Limon,$0.00,$10.00,$0.00,3,0,Holanda,Paleta Solero Limon
75038441,Paleta Tarrito,$0.00,$1.50,$0.00,N/A,0,- Sin Departamento -,Paleta Tarrito
724869002738,Palillin,$0.00,$2.00,$0.00,1,0,Dulces,Palillin
7501281200026,Palillo Natural Pop,$9.00,$11.00,$11.00,0,0,Tienda,Palillo Natural Pop
6931575111232,Palillos,$0.00,$5.00,$0.00,0,0,- Sin Departamento -,Palillos
75050047,Pall Mall,$0.00,$40.00,$0.00,0,0,Tienda,Pall Mall
75052836,Pall Mall Doble Cap,$0.00,$40.00,$0.00,0,0,Tienda,Pall Mall Doble Cap
75048310,Pall Mall Havana,$0.00,$40.00,$0.00,0,0,Tienda,Pall Mall Havana
7509546032238,Palmolive Citricos 180g,$0.00,$15.00,$0.00,4,0,- Sin Departamento -,Palmolive Citricos 180g
7509546052915,Palmolive Coco 180g,$0.00,$15.00,$0.00,2,0,- Sin Departamento -,Palmolive Coco 180g
7509546054414,Palmolive Neutro 180g,$0.00,$15.00,$0.00,2,0,- Sin Departamento -,Palmolive Neutro 180g
7509546017389,Palmolive Optims,$58.00,$60.00,$0.00,0,0,Tienda,Palmolive Optims
7509546059167,Palmolive Tocador,$8.00,$13.00,$13.00,3,0,Tienda,Palmolive Tocador
7509546060910,Palmolive Tocador Neutro,$12.00,$15.00,$15.00,0,0,Tienda,Palmolive Tocador Neutro
7501006558005,Palomitas ACT II,$0.00,$9.00,$0.00,0,0,Tienda,Palomitas ACT II
7501006558425,Palomitas Act II Alitas,$0.00,$9.00,$0.00,13,0,Tienda,Palomitas Act II Alitas
7501006551082,Palomitas Act II Chile Y Limon,$7.00,$9.00,$9.00,8,0,Tienda,Palomitas Act II Chile Y Limon
7501006551068,Palomitas Act II Ex Mantequilla,$6.00,$8.00,$7.50,62,0,Tienda,Palomitas Act II Ex Mantequilla
7501006558296,Palomitas Act II Hershey´s,$0.00,$17.00,$0.00,5,0,Tienda,Palomitas Act II Hershey´s
7501006551303,Palomitas Act II Infierno,$5.50,$7.00,$7.00,0,0,Tienda,Palomitas Act II Infierno
7501006551051,Palomitas Act II Mantequilla,$6.00,$7.50,$7.50,0,0,Tienda,Palomitas Act II Mantequilla
7501006551044,Palomitas Act II Natural,$6.50,$8.50,$0.00,11,0,Tienda,Palomitas Act II Natural
7501006551105,Palomitas Act II Queso Jalapeño,$8.00,$10.00,$0.00,7,0,Tienda,Palomitas Act II Queso Jalapeño
7501006551112,Palomitas Act II Valentina,$24.00,$10.00,$9.00,8,0,Tienda,Palomitas Act II Valentina
7503021188021,Palomitas Caramelo,$0.00,$5.00,$0.00,0,0,Cariocas,Palomitas Caramelo
76150420098,Palomitas Caramelo 184g,$14.50,$19.00,$19.00,0,0,Tienda,Palomitas Caramelo 184g
7501393200815,Palomitas Mariachisimo,$6.50,$8.00,$0.00,1,0,Cariocas,Palomitas Mariachisimo
7501011155640,Palomitas Poffets 90gSab,$0.00,$7.00,$0.00,1,0,Tienda,Palomitas Poffets 90gSab
PAN 1,Pan 1,$0.00,$1.50,$0.00,N/A,0,Tienda,Pan 1
741,Pan 1.5,$0.00,$1.50,$0.00,N/A,0,Tienda,Pan 1.5
PAN 2,Pan 2,$0.00,$2.00,$0.00,0,0,Tienda,Pan 2
727,Pan 4,$0.00,$4.00,$0.00,N/A,0,Tienda,Pan 4
PAN 4,Pan 4,$0.00,$4.00,$0.00,N/A,0,Tienda,Pan 4
734,Pan 5,$0.00,$5.00,$0.00,N/A,0,Tienda,Pan 5
PAN 5,Pan 5,$0.00,$5.00,$0.00,N/A,0,Tienda,Pan 5
7501000111091,Pan Bimbo Chico,$16.00,$20.00,$0.00,1,0,Bimbo,Pan Bimbo Chico
7501030469735,Pan Bimo Rendidor,$0.00,$20.00,$0.00,0,0,Bimbo,Pan Bimo Rendidor
7501000122332,Pan Blanco Grande 650g,$22.00,$27.00,$0.00,2,0,Bimbo,Pan Blanco Grande 650g
7501030467090,Pan Cero,$25.00,$30.00,$0.00,1,0,Bimbo,Pan Cero
PAN BLANCO,Pan De Blanco,$0.00,$1.50,$0.00,N/A,0,Tienda,Pan De Blanco
7501030470076,Pan Doble Fibra,$21.50,$28.00,$0.00,0,0,Bimbo,Pan Doble Fibra
7501030491330,Pan Doble Fibra,$22.00,$28.00,$0.00,1,0,Bimbo,Pan Doble Fibra
7501000111466,Pan Integral  720gms,$23.00,$30.00,$0.00,2,0,Bimbo,Pan Integral  720gms
7501000336319,Pan Integral Chico Bimbo,$17.00,$23.00,$0.00,0,0,Bimbo,Pan Integral Chico Bimbo
7501000111855,Pan Molido Bimbo 175g,$10.00,$13.00,$0.00,10,0,Bimbo,Pan Molido Bimbo 175g
7501000149100,Pan Molido Ceujiente175 G,$10.00,$13.00,$0.00,0,0,Tienda,Pan Molido Ceujiente175 G
7501000131440,Pan Multigrano Bimbo,$0.00,$31.00,$0.00,1,0,Bimbo,Pan Multigrano Bimbo
7501030421788,Pan Rendidor,$17.00,$20.00,$0.00,1,0,Bimbo,Pan Rendidor
7501000111800,Pan Tostado Bimbo,$15.00,$18.00,$0.00,2,0,Bimbo,Pan Tostado Bimbo
7501000112333,Pan Tostado Doble  Fibra,$17.00,$21.00,$0.00,0,0,Bimbo,Pan Tostado Doble  Fibra
7501030491668,Pan Tostado Integral,$17.00,$21.00,$0.00,2,0,Tienda,Pan Tostado Integral
PAN3,Pan3,$0.00,$3.00,$0.00,16,0,Tienda,Pan3
7501000112326,Panqu cNuez,$18.00,$26.00,$0.00,2,0,Bimbo,Panqu cNuez
PANQUE,Panque,$0.00,$4.00,$0.00,7,0,Tienda,Panque
7501030496885,Panque Chocolate,$20.50,$26.00,$0.00,0,0,Bimbo,Panque Chocolate
7501000310647,Panque Marmol 300gBimbo,$19.00,$26.00,$23.00,0,0,Bimbo,Panque Marmol 300gBimbo
7501030462644,Panque Naranja,$0.00,$24.00,$0.00,0,0,Bimbo,Panque Naranja
7501000112302,Panque Pasas,$19.00,$26.00,$0.00,0,0,Bimbo,Panque Pasas
PANQUECITO,Panquecito,$0.00,$3.00,$0.00,17,0,Tienda,Panquecito
7501000112388,Panquecito cChocolate,$12.00,$15.00,$0.00,1,0,Bimbo,Panquecito cChocolate
7506195160435,Pantene,$0.00,$17.00,$0.00,2,0,Tienda,Pantene
7501007457796,Pantene  400ml,$40.00,$52.00,$0.00,0,0,Farmacia,Pantene  400ml
7506309840024,Pantene  400ml,$40.00,$52.00,$0.00,0,0,Farmacia,Pantene  400ml
7501006721232,Pantene 400ml,$38.00,$46.00,$0.00,1,0,Tienda,Pantene 400ml
7501001170318,Pantene 700ml,$71.00,$85.00,$0.00,0,0,Tienda,Pantene 700ml
7501001170448,Pantene 700ml,$71.00,$85.00,$0.00,1,0,Tienda,Pantene 700ml
7501001303471,Pantene 700ml,$71.00,$85.00,$0.00,1,0,Tienda,Pantene 700ml
7506195126325,Pantene Naturaleza 400ml,$40.00,$52.00,$0.00,0,0,Farmacia,Pantene Naturaleza 400ml
7506295326564,Pantene Sobre,$0.00,$2.50,$0.00,30,0,Tienda,Pantene Sobre
PAPA,Papa,$12.00,$13.00,$0.00,N/A,0,Verdura,Papa
1366,Papa 1k,$12.00,$16.00,$0.00,N/A,0,Verdura,Papa 1k
1380,Papa 250g,$3.00,$4.00,$0.00,N/A,0,Verdura,Papa 250g
1373,Papa 500g,$6.00,$8.00,$0.00,N/A,0,Verdura,Papa 500g
7501011131279,Papa Adobada,$16.00,$20.00,$0.00,3,0,Sabritas,Papa Adobada
7501011165687,Papa Sabritas Sal 175g,$0.00,$30.00,$0.00,1,0,Sabritas,Papa Sabritas Sal 175g
7501000360604,Papas Barcel  Toreadas 42,$0.00,$10.00,$0.00,3,0,Tienda,Papas Barcel  Toreadas 42
7501000149001,Papas Chips A La Diabla,$0.00,$12.00,$0.00,6,0,Tienda,Papas Chips A La Diabla
7501000394883,Papas Toreadas 170g,$0.00,$34.00,$0.00,1,0,Tienda,Papas Toreadas 170g
PAPAYA,Papaya,$17.00,$19.00,$0.00,N/A,0,Verdura,Papaya
1397,Papaya 1k,$0.00,$13.00,$0.00,N/A,0,Verdura,Papaya 1k
1410,Papaya 250g,$0.00,$3.50,$0.00,N/A,0,Verdura,Papaya 250g
1403,Papaya 500g,$0.00,$6.50,$0.00,N/A,0,Verdura,Papaya 500g
7501067280143,Papel Alupak c8mts,$9.50,$12.00,$0.00,24,0,Tienda,Papel Alupak c8mts
PASA,Pasa,$44.00,$66.00,$0.00,N/A,0,Tienda,Pasa
697,Pasas 1k,$0.00,$65.00,$0.00,N/A,0,Tienda,Pasas 1k
710,Pasas 250g,$0.00,$17.00,$0.00,N/A,0,Tienda,Pasas 250g
703,Pasas 500g,$0.00,$32.50,$0.00,N/A,0,Tienda,Pasas 500g
7501035911031,Pasta Dent Colgate 100ml,$0.00,$20.50,$0.00,10,0,Tienda,Pasta Dent Colgate 100ml
7501035911017,Pasta Dent Colgate 150ml,$0.00,$37.00,$0.00,10,0,Tienda,Pasta Dent Colgate 150ml
7501035911567,Pasta Dent Colgate 50ml,$11.50,$14.00,$0.00,19,0,Tienda,Pasta Dent Colgate 50ml
7509546007083,Pasta Dental,$0.00,$25.00,$0.00,0,0,Tienda,Pasta Dental
7509546039152,Pasta Dental Colgate,$0.00,$9.00,$0.00,17,0,Tienda,Pasta Dental Colgate
7501016802105,Pastilla Desodorante,$6.00,$8.00,$8.00,10,0,Detergentes,Pastilla Desodorante
7501032935603,Pastilla Mr Musculo,$11.00,$13.50,$0.00,1,0,Detergentes,Pastilla Mr Musculo
7501032931780,Pastillas Mr Musculo,$29.00,$35.00,$35.00,0,0,Detergentes,Pastillas Mr Musculo
7501000133338,Pastisetas 75 Gms,$10.00,$15.00,$0.00,0,0,Marinela,Pastisetas 75 Gms
7501030419464,Patatinas Chilix 25gBarc,$4.00,$5.00,$0.00,16,0,Barcel,Patatinas Chilix 25gBarc
7501032935702,Pato Purific,$0.00,$40.00,$0.00,0,0,- Sin Departamento -,Pato Purific
7501017361120,Pauelos Kleenex Chico,$11.00,$22.00,$22.00,0,0,Tienda,Pauelos Kleenex Chico
7501000153503,Pay De Piña 75 Gms,$0.00,$15.00,$0.00,1,0,Marinela,Pay De Piña 75 Gms
7501000153541,Pay de Nuez 70g,$9.00,$15.00,$0.00,1,0,Marinela,Pay de Nuez 70g
PAñAL,Pañal,$3.00,$5.00,$3.50,0,0,Tienda,Pañal
PAñAL GRANDE,Pañal Grande,$0.00,$5.00,$0.00,120,0,Tienda,Pañal Grande
PAñAL GRANDE SUAV,Pañal Grande Suav,$0.00,$5.00,$0.00,42,0,Tienda,Pañal Grande Suav
PAñAL JUMBO,Pañal Jumbo,$0.00,$5.00,$0.00,36,0,Tienda,Pañal Jumbo
PAñAL JUMBO SUAV,Pañal Jumbo Suav,$0.00,$5.00,$0.00,83,0,Tienda,Pañal Jumbo Suav
PECOSITAS,Pecositas,$0.00,$1.00,$0.00,26,0,Tienda,Pecositas
706460000474,Pedigree,$6.50,$8.00,$0.00,0,0,Tienda,Pedigree
706460244854,Pedigree,$6.50,$8.00,$0.00,0,0,Tienda,Pedigree
7506174504465,Pedigree Adulto,$0.00,$15.00,$0.00,8,0,pedigree,Pedigree Adulto
706460000450,Pedigree Adulto 420g,$11.00,$15.00,$0.00,6,0,pedigree,Pedigree Adulto 420g
706460000467,Pedigree Balance N,$0.00,$17.00,$0.00,0,0,pedigree,Pedigree Balance N
7506174504458,Pedigree E Etapa,$0.00,$14.00,$0.00,0,0,Tienda,Pedigree E Etapa
706460000498,Pedigree R Peque 2,$0.00,$8.00,$0.00,0,0,- Sin Departamento -,Pedigree R Peque 2
719886212413,Pelon,$0.00,$3.00,$0.00,0,0,Dulces,Pelon
719886867637,Pelon,$0.00,$3.00,$0.00,0,0,Dulces,Pelon
719886210792,Pelon,$0.00,$5.00,$0.00,0,0,Dulces,Pelon
719886212437,Pelon Mini,$1.50,$3.00,$0.00,0,0,Dulces,Pelon Mini
719886001017,Pelon Pelo Rico,$3.00,$5.00,$0.00,7,0,Dulces,Pelon Pelo Rico
719886210457,Pelon Pelo Rico Cham,$3.00,$5.00,$0.00,0,0,Tienda,Pelon Pelo Rico Cham
719886152221,Pelon Pelo Rico Mang,$2.00,$5.00,$0.00,10,0,Dulces,Pelon Pelo Rico Mang
719886250019,Pelon Peloneta,$0.00,$3.00,$0.00,23,0,Dulces,Pelon Peloneta
719886152542,Pelon Sandia,$2.00,$5.00,$0.00,1,0,Dulces,Pelon Sandia
719886511066,Pelonetes 35g,$3.50,$7.00,$0.00,8,0,Dulces,Pelonetes 35g
PEPINO,Pepino,$20.00,$22.00,$0.00,N/A,0,Verdura,Pepino
7501000168200,Pepitas Golden25g,$5.00,$6.00,$0.00,7,0,Barcel,Pepitas Golden25g
PEPITAS,Pepitas Tubo,$0.00,$6.00,$0.00,6,0,Tienda,Pepitas Tubo
7501199406671,Persil 1kg,$0.00,$30.00,$0.00,9,0,Tienda,Persil 1kg
7501199406664,Persil 500g,$0.00,$14.00,$0.00,9,0,Tienda,Persil 500g
7501007701509,Petalo Clasico Jumbo,$21.00,$24.50,$23.50,29,0,Tienda,Petalo Clasico Jumbo
7502250391851,Petete,$1.00,$1.50,$0.00,0,0,Dulces,Petete
7501073830028,Peñafiel 1l Natural,$0.00,$12.00,$0.00,0,0,Refresco,Peñafiel 1l Natural
7501073830509,Peñafiel 600ml Natur,$0.00,$8.00,$0.00,12,0,Tienda,Peñafiel 600ml Natur
7501073841253,Peñafiel Freasada,$0.00,$9.00,$0.00,0,0,Refresco,Peñafiel Freasada
7501073839892,Peñafiel Limonada 2L,$16.00,$19.00,$0.00,2,0,Refresco,Peñafiel Limonada 2L
7501073839885,Peñafiel Limonada 600ml,$6.50,$8.50,$0.00,5,0,Refresco,Peñafiel Limonada 600ml
7501073839861,Peñafiel Naranjada 2L,$0.00,$19.00,$0.00,1,0,Refresco,Peñafiel Naranjada 2L
7501073839854,Peñafiel Naranjada 600ml,$6.50,$8.50,$0.00,2,0,Tienda,Peñafiel Naranjada 600ml
7501073841925,Peñafiel Piña,$0.00,$8.50,$0.00,8,0,- Sin Departamento -,Peñafiel Piña
7501073840607,Peñafiel Toronjada 600ml,$6.50,$8.50,$0.00,6,0,Refresco,Peñafiel Toronjada 600ml
7622210265999,Philadelfia 90g,$0.00,$13.00,$0.00,0,0,- Sin Departamento -,Philadelfia 90g
7622210265920,Philadelphia,$0.00,$26.00,$0.00,0,0,lacteos y embutidos,Philadelphia
46677434809,Philips 11w,$19.00,$24.00,$24.00,0,0,Tienda,Philips 11w
75038540,Pica Fresa,$0.00,$1.00,$0.00,13,0,Tienda,Pica Fresa
41333760643,Pila Duracel Paquete,$66.00,$78.00,$78.00,4,0,Tienda,Pila Duracel Paquete
PILA D,Pila Duracell,$16.50,$19.00,$19.00,0,0,Tienda,Pila Duracell
7506195153598,Pila Duracell AA,$11.00,$17.00,$0.00,0,0,Tienda,Pila Duracell AA
41333404486,Pila Duracell AAA,$70.00,$91.00,$0.00,0,0,Tienda,Pila Duracell AAA
7506309860305,Pila Duracell AAA C/U,$13.50,$19.00,$0.00,0,0,Tienda,Pila Duracell AAA C/U
PILA E,Pila Everady AA,$0.00,$9.00,$8.00,0,0,Tienda,Pila Everady AA
7501037600056,Pila Eveready AA c4,$18.00,$27.00,$27.00,0,0,Tienda,Pila Eveready AA c4
7501037601718,Pila Eveready AAA c4,$18.00,$27.00,$27.00,0,0,Tienda,Pila Eveready AAA c4
PILONCILLO,Piloncillo,$9.00,$18.00,$0.00,N/A,0,Tienda,Piloncillo
666,Piloncillo 1k,$0.00,$18.00,$0.00,N/A,0,Tienda,Piloncillo 1k
680,Piloncillo 250g,$0.00,$4.50,$0.00,N/A,0,Tienda,Piloncillo 250g
673,Piloncillo 500g,$0.00,$9.00,$0.00,N/A,0,Tienda,Piloncillo 500g
7501000153800,Pinguinos 80g,$7.50,$12.00,$0.00,2,0,Marinela,Pinguinos 80g
7501025462000,Pinol,$13.00,$16.00,$0.00,0,0,Detergentes,Pinol
7501025403027,Pinol 500ml,$9.00,$11.00,$0.00,8,0,Detergentes,Pinol 500ml
7501025403485,Pinol 828ml,$13.00,$16.50,$16.50,11,0,Detergentes,Pinol 828ml
7501025404154,Pinol Detergente 500g,$0.00,$14.50,$0.00,10,0,Tienda,Pinol Detergente 500g
7501025404178,Pinol Detergente 950g,$0.00,$29.00,$0.00,1,0,Tienda,Pinol Detergente 950g
7501025404802,Pinol Ropa Color 1L,$0.00,$21.00,$0.00,4,0,Detergentes,Pinol Ropa Color 1L
7501025400170,Pinol Trapeado  500ml,$8.50,$11.00,$11.00,0,0,Tienda,Pinol Trapeado  500ml
7501025400101,Pinol Trapeado  500ml,$8.50,$11.00,$11.00,0,0,Tienda,Pinol Trapeado  500ml
7501025400149,Pinol Trapeado  500ml,$8.50,$11.00,$11.00,0,0,Tienda,Pinol Trapeado  500ml
759686272682,Pinta Azul Vero 14g,$0.00,$1.50,$0.00,2,0,Dulces,Pinta Azul Vero 14g
7506306412354,Pinta Lengua,$0.00,$6.00,$0.00,12,0,Tienda,Pinta Lengua
7501040044649,Piza Fud 2pack Peperoni,$0.00,$35.00,$0.00,0,0,Tienda,Piza Fud 2pack Peperoni
7501040044588,Pizza Fud Hawaiana,$0.00,$27.00,$0.00,0,0,Tienda,Pizza Fud Hawaiana
7501040044526,Pizza Fud Jamon,$0.00,$24.00,$0.00,1,0,Tienda,Pizza Fud Jamon
7501032334994,Piña Coco 450g,$0.00,$13.00,$0.00,1,0,Danone,Piña Coco 450g
7501040093845,Placer Galletas,$5.50,$7.00,$0.00,2,0,lacteos y embutidos,Placer Galletas
7501073086166,Plastipak Negra 3ml,$9.00,$12.00,$12.00,0,0,Tienda,Plastipak Negra 3ml